<?xml version="1.0"?>
<doc>
    <assembly>
        <name>AWS_S3</name>
    </assembly>
    <members>
        <member name="T:AWS_S3.Controllers.DMSController">
            <summary>
            DMS related operations
            </summary>
        </member>
        <member name="M:AWS_S3.Controllers.DMSController.AddBucketTagging(DMS_Models.AWSS3.AddTag)">
            <summary>
            Add tagging to S3 bucket
            </summary>
            <param name="objAddTag">Bucket and Tags details</param>
            <returns></returns>
        </member>
        <member name="M:AWS_S3.Controllers.DMSController.GetBucketTagging(System.String)">
            <summary>
            Get All tags for the given Bucket Name
            </summary>
            <param name="BucketName">Bucket Name</param>
            <returns>Responce object result,Error node exception cheking, contains result in data node </returns>
            <response code="200">List returned succesfully</response>
            <response code="500">Something went wrong</response>
        </member>
    </members>
</doc>
